mass,inertia,metric,mean_5,mean_10,difference_10_minus_5,std_5,std_10,welch_t,welch_p,exact_permutation_p
1.0,1.0,reduction,0.006322892848402262,0.0070599839091300964,0.0007370910607278347,0.000841585024874272,0.0005731588046792422,1.6186896929446772,0.1492208470039513,0.15079365079365079
1.0,1.0,recovery_pct,23.42115898132324,26.15147933959961,2.7303203582763693,3.117385125812481,2.123085445327114,1.618689652238998,0.14922085333159765,0.15079365079365079
3.0,1.0,reduction,0.005068297730758786,0.005770602542906999,0.0007023048121482132,0.0023409220304530126,0.0010457920900855623,0.6125042505284982,0.5644969300584161,0.5634920634920635
3.0,1.0,recovery_pct,18.080218505859374,20.585561561584473,2.505343055725099,8.350808650608611,3.7306705673844247,0.612504222540303,0.564496948267462,0.5634920634920635
1.0,3.0,reduction,0.005762763414531946,0.007241742219775915,0.0014789788052439693,0.0008034952169088337,0.0011859154459336245,2.308650936254731,0.054123479352293634,0.06349206349206349
1.0,3.0,recovery_pct,23.171284866333007,29.118056106567384,5.946771240234376,3.230744537786701,4.7684041958646475,2.3086506720704163,0.05412350106842443,0.06349206349206349
2.0,2.0,reduction,0.005781962908804417,0.006782419234514237,0.0010004563257098196,0.001793867539916179,0.0005537468784619111,1.1915943703884304,0.28947326615062063,0.2619047619047619
2.0,2.0,recovery_pct,21.97969493865967,25.782854080200195,3.803159141540526,6.819251966878169,2.1050270674800924,1.1915943579941148,0.2894732695462673,0.2619047619047619
3.0,3.0,reduction,0.007083391677588225,0.006682346574962139,-0.00040104510262608563,0.000860032708692658,0.0008741772971403541,-0.7312688678421898,0.4854852946084097,0.4523809523809524
3.0,3.0,recovery_pct,27.440214538574217,25.88661346435547,-1.5536010742187472,3.331664478705905,3.3864582951342195,-0.7312689473027917,0.48548524855406483,0.4523809523809524
3.0,5.0,reduction,0.00581754045560956,0.007086722739040851,0.0012691822834312912,0.0015586885470638826,0.00035487389854418314,1.7753161105549107,0.14375234240460924,0.0873015873015873
3.0,5.0,recovery_pct,23.83580799102783,29.035941314697265,5.200133323669434,6.386307129538177,1.454000007006335,1.775316217087931,0.14375232668666194,0.0873015873015873
5.0,3.0,reduction,0.004666473716497421,0.006383200269192457,0.0017167265526950356,0.0018367361938549805,0.0007148062475827523,1.9476723133753908,0.10694659983745004,0.047619047619047616
5.0,3.0,recovery_pct,17.42253370285034,23.832025146484376,6.409491443634035,6.8575545336611885,2.668767897215961,1.947672154245436,0.10694662314952563,0.047619047619047616
5.0,5.0,reduction,0.005992395803332329,0.006877282168716192,0.0008848863653838634,0.0008331501181305947,0.0013303008941850986,1.2605680372401094,0.2494701769637349,0.25396825396825395
5.0,5.0,recovery_pct,23.786443328857423,27.298945236206055,3.512501907348632,3.307137382882386,5.280547141967855,1.2605681605845807,0.2494701387350265,0.25396825396825395
