budget,mass,inertia,n,mean_recovery_pct,std_recovery_pct,mean_reduction,std_reduction,min_reduction,max_reduction,positive_recovery_n
5,1.0,1.0,5,23.42115898132324,3.117385125812481,0.006322892848402262,0.000841585024874272,0.005151434801518917,0.00722986925393343,5
5,3.0,1.0,5,18.080218505859374,8.350808650608611,0.005068297730758786,0.0023409220304530126,0.002271501813083887,0.007402113638818264,5
5,1.0,3.0,5,23.171284866333007,3.230744537786701,0.005762763414531946,0.0008034952169088337,0.004901098553091288,0.007076679263263941,5
5,2.0,2.0,5,21.97969493865967,6.819251966878169,0.005781962908804417,0.001793867539916179,0.0034400932490825653,0.007592484354972839,5
5,3.0,3.0,5,27.440214538574217,3.331664478705905,0.007083391677588225,0.000860032708692658,0.006048120092600584,0.007956636138260365,5
5,3.0,5.0,5,23.83580799102783,6.386307129538177,0.00581754045560956,0.0015586885470638826,0.0033688675612211227,0.007295473478734493,5
5,5.0,3.0,5,17.42253370285034,6.8575545336611885,0.004666473716497421,0.0018367361938549805,0.0016185175627470016,0.006569310091435909,5
5,5.0,5.0,5,23.786443328857423,3.307137382882386,0.005992395803332329,0.0008331501181305947,0.004761244170367718,0.007003401406109333,5
10,1.0,1.0,5,26.15147933959961,2.123085445327114,0.0070599839091300964,0.0005731588046792422,0.006456241477280855,0.007844454608857632,5
10,3.0,1.0,5,20.585561561584473,3.7306705673844247,0.005770602542906999,0.0010457920900855623,0.004041487351059914,0.006863500457257032,5
10,1.0,3.0,5,29.118056106567384,4.7684041958646475,0.007241742219775915,0.0011859154459336245,0.005206371191889048,0.008327064104378223,5
10,2.0,2.0,5,25.782854080200195,2.1050270674800924,0.006782419234514237,0.0005537468784619111,0.006053009070456028,0.007587143685668707,5
10,3.0,3.0,5,25.88661346435547,3.3864582951342195,0.006682346574962139,0.0008741772971403541,0.005645275581628084,0.00774530041962862,5
10,3.0,5.0,5,29.035941314697265,1.454000007006335,0.007086722739040851,0.00035487389854418314,0.006479933857917786,0.007391215767711401,5
10,5.0,3.0,5,23.832025146484376,2.668767897215961,0.006383200269192457,0.0007148062475827523,0.005494946148246527,0.007193992845714092,5
10,5.0,5.0,5,27.298945236206055,5.280547141967855,0.006877282168716192,0.0013303008941850986,0.005410348530858755,0.008296510204672813,5
