budget,mass,inertia,mean_excess_reduction,std_excess_reduction,ci95_low,ci95_high,paired_t_p,exact_signflip_p,positive_n,n,mean_recovery_pct_minus_control,std_recovery_pct_minus_control
5,3.0,1.0,-0.0012545951176434755,0.0025657810318707023,-0.004440433052191431,0.00193124281690448,0.33565903953001075,0.5,3,5,-5.340940475463867,9.201863414805436
5,1.0,3.0,-0.0005601294338703156,0.0012278870610800338,-0.0020847525914736197,0.0009644937237329887,0.36538546842696645,0.4375,2,5,-0.24987411499023438,4.7378311564114215
5,2.0,2.0,-0.0005409299395978451,0.002040021656336047,-0.0030739513858263267,0.0019920915066306364,0.5851364283312596,0.5625,2,5,-1.4414640426635743,7.715949397968178
5,3.0,3.0,0.0007604988291859627,0.0013187489215658952,-0.0008769442293924489,0.0023979418877643744,0.2667341616587485,0.3125,4,5,4.019055557250977,4.99963503409
5,3.0,5.0,-0.0005053523927927017,0.0014674251911361773,-0.00232740142268377,0.0013166966370983667,0.48422226194738244,0.5,2,5,0.41464900970458984,5.963413109392649
5,5.0,3.0,-0.0016564191319048405,0.0021020411049331817,-0.0042664478946448335,0.0009536096308351521,0.15285371906526032,0.0625,0,5,-5.9986252784729,7.8358656963494955
5,5.0,5.0,-0.00033049704506993294,0.0014280618401999849,-0.0021036700192548713,0.0014426759291150052,0.6321128817184453,0.625,2,5,0.3652843475341797,5.479119528103923
10,3.0,1.0,-0.0012893813662230968,0.0011026309808330123,-0.002658478558427553,7.971582598135921e-05,0.05912200915225742,0.125,1,5,-5.5659177780151365,3.9620784641579943
10,1.0,3.0,0.0001817583106458187,0.001060154754910083,-0.0011345976810505666,0.001498114302342204,0.7209545016255977,0.75,4,5,2.9665767669677736,4.259724343000989
10,2.0,2.0,-0.00027756467461586,0.000785696008363638,-0.0012531351217333927,0.0006980057725016729,0.47375531238683644,0.5,2,5,-0.36862525939941404,2.9474711585245252
10,3.0,3.0,-0.0003776373341679573,0.0008484636692557677,-0.0014311441260667099,0.0006758694577307953,0.37595055521162085,0.3125,1,5,-0.2648658752441406,3.2597519809246966
10,3.0,5.0,2.6738829910755156e-05,0.0007508879067631686,-0.0009056116506036559,0.0009590893104251661,0.9403596094745649,0.875,3,5,2.8844619750976563,2.8778035644282625
10,5.0,3.0,-0.0006767836399376393,0.0007780650629167373,-0.0016428790168214987,0.0002893117369462202,0.12366547744292829,0.1875,1,5,-2.3194541931152344,2.897002845569946
10,5.0,5.0,-0.0001827017404139042,0.0016527500724943832,-0.002234862003458841,0.0018694585226310327,0.8169345328372158,0.8125,2,5,1.1474658966064453,6.457899642134113
