budget,repeat,seeds,zero_rollout,generic_rollout,generic_reduction,generic_recovery_pct,generic_best_epoch,generic_best_val,generic_best_val_teacher,shifted_rollout,shifted_reduction,shifted_recovery_pct,shifted_best_epoch,shifted_best_val,shifted_best_val_teacher,extra_reduction,extra_recovery_pp,generic_confirmation_std,shifted_confirmation_std
5,1,"9101,9105,9114,9115,9120",0.025192483514547347,0.020534798875451087,0.004657684639096261,18.48839014385656,27,0.022145509719848633,0.01511674914509058,0.020431239157915115,0.004761244356632232,18.89946401625255,16,0.022218172997236253,0.015046760998666286,0.00010355971753597259,0.4110738723959919,0.0036117723586025358,0.0032191407537309866
5,2,"9103,9105,9109,9114,9120",0.025192483514547347,0.01802363432943821,0.007168849185109138,28.4563019797929,41,0.020175329968333246,0.013486308418214321,0.01875344067811966,0.0064390428364276865,25.55938096658662,17,0.02071288265287876,0.013857670314610004,-0.0007298063486814499,-2.8969210132062813,0.002610973160273606,0.0025496794140989184
5,3,"9103,9107,9108,9111,9117",0.025192483514547347,0.021793702244758607,0.00339878126978874,13.491251340210745,18,0.023691663146018983,0.014206439629197121,0.01818908229470253,0.007003401219844819,27.799566548493402,24,0.020914007723331452,0.014240536279976368,0.0036046199500560762,14.308315208282657,0.0026866200332783955,0.002772986800407112
5,4,"9101,9106,9107,9108,9116",0.025192483514547347,0.021864450350403786,0.003328033164143561,13.21042112510184,4,0.022457601502537727,0.014096036180853843,0.019231043010950088,0.0059614405035972595,23.663568143866556,13,0.021259109303355218,0.01426268946379423,0.0026334073394536973,10.453147018764716,0.0026169459553525352,0.0035090046265409468
5,5,"9102,9108,9110,9116,9118",0.025192483514547347,0.01915218271315098,0.006040300801396368,23.97659920233116,18,0.022013290971517562,0.015792587772011757,0.019395633414387704,0.005796850100159644,23.010236751022443,18,0.022347787767648696,0.0158358683809638,-0.00024345070123672486,-0.966362451308715,0.0037094954559204517,0.004079909046370331
10,1,"9104,9106,9107,9108,9109,9112,9117,9118,9119,9120",0.025192483514547347,0.018771064281463624,0.006421419233083724,25.48942516673947,27,0.020846623554825784,0.01436410304158926,0.019564710929989813,0.005627772584557534,22.33909404488759,16,0.02259659767150879,0.014520266652107238,-0.0007936466485261917,-3.1503311218518775,0.0035939439659726756,0.003835149239922406
10,2,"9101,9102,9103,9104,9106,9109,9111,9114,9118,9120",0.025192483514547347,0.01968748979270458,0.005504993721842766,21.85173096834188,8,0.021822115778923033,0.014338385686278344,0.016895973309874534,0.008296510204672813,32.9324824203299,34,0.01972050853073597,0.01411744300276041,0.0027915164828300476,11.080751451988018,0.003816752108350793,0.0031850091603472996
10,3,"9104,9105,9106,9107,9109,9114,9115,9116,9117,9120",0.025192483514547347,0.01824812889099121,0.006944354623556137,27.565184748641926,14,0.020754796639084815,0.014071772433817386,0.018171589821577072,0.007020893692970275,27.869001835075426,14,0.02079179398715496,0.01407921276986599,7.653906941413879e-05,0.3038170864335008,0.0032311607899722073,0.0032765755225767365
10,4,"9103,9104,9106,9108,9110,9111,9113,9115,9117,9120",0.025192483514547347,0.018735717609524728,0.006456765905022619,25.62973158757521,20,0.021197797358036043,0.01488046981394291,0.019782134890556337,0.0054103486239910105,21.476043125588692,4,0.022189735248684884,0.01503346599638462,-0.0010464172810316086,-4.153688461986519,0.003302979818788767,0.0033731329549640315
10,5,"9101,9105,9106,9107,9111,9113,9114,9116,9118,9119",0.025192483514547347,0.018803917989134788,0.0063885655254125595,25.35901441286444,17,0.020857566595077516,0.013913876563310622,0.01716159749776125,0.008030886016786098,31.878103689732214,10,0.019926027953624727,0.013929694145917892,0.001642320491373539,6.519089276867774,0.0020779696089990862,0.003028729910757252
