mass,inertia,budget,n,extra_recovery_mean_pp,extra_recovery_ci_low_pp,extra_recovery_ci_high_pp,exact_sign_flip_p,positive_repeats,holm_bonferroni_p
3.0,1.0,5,5,-4.821651270287894,-16.25331223362467,6.6100096930488785,0.5,3,1.0
3.0,1.0,10,5,-5.163905338654707,-9.920028390419837,-0.4077822868895762,0.0625,0,0.875
1.0,3.0,5,5,-0.036928654655780234,-5.843076036867601,5.769218727556042,1.0,2,1.0
1.0,3.0,10,5,3.5418848140470116,-1.8239134854417243,8.907683113535747,0.1875,4,1.0
2.0,2.0,5,5,-1.3723135174011603,-11.000179006035456,8.255551971233135,0.6875,2,1.0
2.0,2.0,10,5,-0.1318755416731804,-4.080408975613758,3.8166578922673975,1.0,2,1.0
3.0,3.0,5,5,4.2629719675345505,-2.234999773142744,10.760943708211844,0.1875,4,1.0
3.0,3.0,10,5,0.23129598085625033,-3.2058448381829234,3.668436799895424,0.875,2,1.0
3.0,5.0,5,5,1.1508089426992547,-7.861285655856996,10.162903541255506,0.8125,3,1.0
3.0,5.0,10,5,4.11141351390995,0.13531254627704214,8.087514481542858,0.0625,5,0.875
5.0,3.0,5,5,-5.383535359201998,-14.644123848988276,3.8770531305842795,0.125,1,1.0
5.0,3.0,10,5,-1.6009048915089799,-5.539415439962899,2.3376056569449393,0.375,2,1.0
5.0,5.0,5,5,1.031168252392252,-5.744789134029399,7.807125638813903,0.75,2,1.0
5.0,5.0,10,5,2.1246385095778386,-6.05453289571758,10.303809914873257,0.5,2,1.0
