budget,repeat,extra_recovery_pp,extra_reduction,generic_recovery_pct,shifted_recovery_pct,source
5,1,0.4110738723959919,0.00010355971753597259,18.48839014385656,18.89946401625255,reused_v12
5,2,-2.8969210132062813,-0.0007298063486814499,28.4563019797929,25.55938096658662,reused_v12
5,3,14.308315208282657,0.0036046199500560762,13.491251340210745,27.799566548493402,reused_v12
5,4,10.453147018764716,0.0026334073394536973,13.21042112510184,23.663568143866556,reused_v12
5,5,-0.966362451308715,-0.00024345070123672486,23.97659920233116,23.010236751022443,reused_v12
5,6,1.6272398077661698,0.0004099421203136444,20.593848556488066,22.221088364254236,new_v12_1
5,7,1.6941109750251577,0.00042678862810134887,21.092661446135498,22.786772421160656,new_v12_1
5,8,-0.7089427639177401,-0.0001786002889275551,25.671305366530206,24.962362602612465,new_v12_1
5,9,0.22458446849340952,5.657840520143509e-05,15.829489347799539,16.05407381629295,new_v12_1
5,10,6.612957633562157,0.0016659682616591454,22.550295259670904,29.16325289323306,new_v12_1
10,1,-3.1503311218518775,-0.0007936466485261917,25.48942516673947,22.33909404488759,reused_v12
10,2,11.080751451988018,0.0027915164828300476,21.85173096834188,32.9324824203299,reused_v12
10,3,0.3038170864335008,7.653906941413879e-05,27.565184748641926,27.869001835075426,reused_v12
10,4,-4.153688461986519,-0.0010464172810316086,25.62973158757521,21.476043125588692,reused_v12
10,5,6.519089276867774,0.001642320491373539,25.35901441286444,31.878103689732214,reused_v12
10,6,-0.5743316750155323,-0.0001446884125471115,25.189448344367083,24.61511666935155,new_v12_1
10,7,4.928547872388734,0.0012416236102581024,18.782357403986218,23.71090527637495,new_v12_1
10,8,3.6229409005394118,0.0009127087891101837,20.669920387200346,24.292861287739758,new_v12_1
10,9,0.2967310081197354,7.475391030311584e-05,24.18989282129103,24.486623829410764,new_v12_1
10,10,2.0639097721012476,0.0005199501290917396,23.78084628891343,25.844756061014678,new_v12_1
