shift,budget,repeat,seeds,zero_rollout,generic_rollout,generic_recovery_pct,shifted_rollout,shifted_recovery_pct,extra_reduction,extra_recovery_pp,source
M5_I5,5,1,"9101,9105,9114,9115,9120",0.025192483514547347,0.020534798875451087,18.48839014385656,0.020431239157915115,18.89946401625255,0.00010355971753597259,0.4110738723959919,reused_v12_2
M5_I5,5,2,"9103,9105,9109,9114,9120",0.025192483514547347,0.01802363432943821,28.4563019797929,0.01875344067811966,25.55938096658662,-0.0007298063486814499,-2.8969210132062813,reused_v12_2
M5_I5,5,3,"9103,9107,9108,9111,9117",0.025192483514547347,0.021793702244758607,13.491251340210745,0.01818908229470253,27.799566548493402,0.0036046199500560762,14.308315208282657,reused_v12_2
M5_I5,5,4,"9101,9106,9107,9108,9116",0.025192483514547347,0.021864450350403786,13.21042112510184,0.019231043010950088,23.663568143866556,0.0026334073394536973,10.453147018764716,reused_v12_2
M5_I5,5,5,"9102,9108,9110,9116,9118",0.025192483514547347,0.01915218271315098,23.97659920233116,0.019395633414387704,23.010236751022443,-0.00024345070123672486,-0.966362451308715,reused_v12_2
M5_I5,5,6,"9107,9110,9115,9119,9120",0.025192483514547347,0.020004381611943244,20.593848556488066,0.0195944394916296,22.221088364254236,0.0004099421203136444,1.6272398077661698,reused_v12_2
M5_I5,5,7,"9107,9114,9115,9116,9120",0.025192483514547347,0.019878718256950378,21.092661446135498,0.019451929628849028,22.786772421160656,0.00042678862810134887,1.6941109750251577,reused_v12_2
M5_I5,5,8,"9101,9102,9106,9114,9115",0.025192483514547347,0.018725244142115117,25.671305366530206,0.01890384443104267,24.962362602612465,-0.0001786002889275551,-0.7089427639177401,reused_v12_2
M5_I5,5,9,"9102,9105,9110,9117,9118",0.025192483514547347,0.02120464202016592,15.829489347799539,0.021148063614964484,16.05407381629295,5.657840520143509e-05,0.22458446849340952,reused_v12_2
M5_I5,5,10,"9106,9113,9114,9117,9119",0.025192483514547347,0.019511504098773003,22.550295259670904,0.017845535837113857,29.16325289323306,0.0016659682616591454,6.612957633562157,reused_v12_2
M5_I5,5,11,"9101,9102,9109,9116,9119",0.025192483514547347,0.021746152266860008,13.679998026781531,0.01855793260037899,26.335438148990953,0.003188219666481018,12.655440122209422,reused_v12_2
M5_I5,5,12,"9105,9111,9113,9114,9117",0.025192483514547347,0.020267192646861075,19.550636462031118,0.01965232379734516,21.99132020470722,0.0006148688495159149,2.4406837426761,reused_v12_2
M5_I5,5,13,"9107,9108,9110,9114,9120",0.025192483514547347,0.020217074453830718,19.7495775191977,0.020465898513793945,18.76188585386608,-0.0002488240599632263,-0.9876916653316208,reused_v12_2
M5_I5,5,14,"9104,9105,9113,9114,9120",0.025192483514547347,0.019004736468195914,24.561877921953712,0.017773656733334066,29.4485725352536,0.0012310797348618508,4.886694613299888,reused_v12_2
M5_I5,5,15,"9101,9102,9110,9115,9120",0.025192483514547347,0.020156924799084663,19.9883378411458,0.018894712999463083,24.998609253619755,0.0012622117996215821,5.010271412473955,reused_v12_2
M5_I5,5,16,"9101,9105,9112,9115,9117",0.025192483514547347,0.0212932076305151,15.477933653427295,0.021081459894776344,16.31845315050857,0.00021174773573875427,0.8405194970812762,reused_v12_2
M5_I5,5,17,"9108,9112,9114,9116,9118",0.025192483514547347,0.020443342998623847,18.85141857165896,0.01892485059797764,24.878979926494647,0.0015184924006462098,6.027561354835687,reused_v12_2
M5_I5,5,18,"9103,9105,9109,9113,9117",0.025192483514547347,0.02633160389959812,-4.521667680731001,0.02058340609073639,18.295446819085765,0.005748197808861733,22.817114499816768,reused_v12_2
M5_I5,5,19,"9101,9106,9107,9111,9112",0.025192483514547347,0.019341586343944072,23.224773243275862,0.01880842335522175,25.341130641761207,0.0005331629887223244,2.116357398485345,reused_v12_2
M5_I5,5,20,"9102,9103,9105,9114,9120",0.025192483514547347,0.018496112152934074,26.580830578876704,0.019546893239021302,22.409820263516345,-0.001050781086087227,-4.171010315360359,reused_v12_2
M5_I5,10,1,"9104,9106,9107,9108,9109,9112,9117,9118,9119,9120",0.025192483514547347,0.018771064281463624,25.48942516673947,0.019564710929989813,22.33909404488759,-0.0007936466485261917,-3.1503311218518775,reused_v12_2
M5_I5,10,2,"9101,9102,9103,9104,9106,9109,9111,9114,9118,9120",0.025192483514547347,0.01968748979270458,21.85173096834188,0.016895973309874534,32.9324824203299,0.0027915164828300476,11.080751451988018,reused_v12_2
M5_I5,10,3,"9104,9105,9106,9107,9109,9114,9115,9116,9117,9120",0.025192483514547347,0.01824812889099121,27.565184748641926,0.018171589821577072,27.869001835075426,7.653906941413879e-05,0.3038170864335008,reused_v12_2
M5_I5,10,4,"9103,9104,9106,9108,9110,9111,9113,9115,9117,9120",0.025192483514547347,0.018735717609524728,25.62973158757521,0.019782134890556337,21.476043125588692,-0.0010464172810316086,-4.153688461986519,reused_v12_2
M5_I5,10,5,"9101,9105,9106,9107,9111,9113,9114,9116,9118,9119",0.025192483514547347,0.018803917989134788,25.35901441286444,0.01716159749776125,31.878103689732214,0.001642320491373539,6.519089276867774,reused_v12_2
M5_I5,10,6,"9101,9103,9106,9107,9111,9112,9113,9115,9117,9118",0.025192483514547347,0.01884663589298725,25.189448344367083,0.018991324305534362,24.61511666935155,-0.0001446884125471115,-0.5743316750155323,reused_v12_2
M5_I5,10,7,"9101,9103,9107,9108,9109,9111,9113,9115,9116,9118",0.025192483514547347,0.020460741221904756,18.782357403986218,0.01921911761164665,23.71090527637495,0.0012416236102581024,4.928547872388734,reused_v12_2
M5_I5,10,8,"9102,9105,9106,9109,9111,9112,9114,9116,9119,9120",0.025192483514547347,0.01998521722853184,20.669920387200346,0.019072508439421654,24.292861287739758,0.0009127087891101837,3.6229409005394118,reused_v12_2
M5_I5,10,9,"9101,9103,9104,9105,9106,9108,9110,9112,9113,9114",0.025192483514547347,0.019098448753356933,24.18989282129103,0.01902369484305382,24.486623829410764,7.475391030311584e-05,0.2967310081197354,reused_v12_2
M5_I5,10,10,"9102,9104,9105,9107,9108,9109,9110,9113,9116,9120",0.025192483514547347,0.019201497733592986,23.78084628891343,0.018681547604501247,25.844756061014678,0.0005199501290917396,2.0639097721012476,reused_v12_2
M5_I5,10,11,"9101,9102,9104,9105,9107,9108,9109,9118,9119,9120",0.025192483514547347,0.020725389942526817,17.73185073016329,0.017628141678869724,30.026185514062593,0.003097248263657093,12.294334783899302,reused_v12_2
M5_I5,10,12,"9101,9105,9108,9110,9113,9114,9116,9117,9119,9120",0.025192483514547347,0.019591407850384712,22.233122276048352,0.01774744614958763,29.552613820946217,0.001843961700797081,7.319491544897865,reused_v12_2
M5_I5,10,13,"9102,9104,9105,9106,9108,9113,9114,9115,9116,9117",0.025192483514547347,0.0193882055580616,23.039721165775816,0.018089812621474265,28.193611356227187,0.0012983929365873337,5.153890190451371,reused_v12_2
M5_I5,10,14,"9102,9103,9104,9106,9107,9108,9109,9112,9113,9118",0.025192483514547347,0.019983571022748947,20.676454898900793,0.018840830028057098,25.21249436492635,0.0011427409946918488,4.5360394660255565,reused_v12_2
M5_I5,10,15,"9101,9102,9103,9108,9109,9111,9114,9116,9117,9118",0.025192483514547347,0.0175338514149189,30.40046486566513,0.01894567087292671,24.79633513707939,-0.0014118194580078126,-5.60412972858574,reused_v12_2
M5_I5,10,16,"9101,9102,9108,9110,9111,9112,9113,9114,9115,9116",0.025192483514547347,0.019805141910910606,21.384718185985246,0.020585484430193902,18.287196979579814,-0.0007803425192832947,-3.097521206405432,reused_v12_2
M5_I5,10,17,"9102,9103,9104,9106,9107,9112,9113,9116,9117,9119",0.025192483514547347,0.020103170350193978,20.20171279030333,0.018261518329381943,27.51203620382696,0.0018416520208120347,7.31032341352363,reused_v12_2
M5_I5,10,18,"9102,9104,9107,9110,9111,9113,9115,9117,9119,9120",0.025192483514547347,0.018236319720745086,27.612060517119875,0.020922080054879187,16.95110153471858,-0.002685760334134102,-10.660958982401297,reused_v12_2
M5_I5,10,19,"9101,9102,9103,9107,9112,9115,9116,9117,9118,9120",0.025192483514547347,0.02389889322221279,5.134826392116424,0.01952613554894924,22.492216626145996,0.00437275767326355,17.357390234029573,reused_v12_2
M5_I5,10,20,"9103,9105,9106,9108,9111,9112,9113,9116,9117,9118",0.025192483514547347,0.019127919152379037,24.072911901148377,0.018688542768359184,25.816989192163113,0.0004393763840198517,1.7440772910147366,reused_v12_2
M3_I3,5,1,"9101,9105,9114,9115,9120",0.025813907757401465,0.01982068456709385,23.217031867595544,0.019651241600513458,23.873433711798334,0.00016944296658039093,0.6564018442027901,resumed_v13_M3_I3
M3_I3,5,2,"9103,9105,9109,9114,9120",0.025813907757401465,0.02145080529153347,16.90213859471543,0.020623936876654626,20.1053282188891,0.0008268684148788452,3.2031896241736675,resumed_v13_M3_I3
M3_I3,5,3,"9103,9107,9108,9111,9117",0.025813907757401465,0.02086987756192684,19.152583335845588,0.020500169321894645,20.584788965100582,0.00036970824003219606,1.4322056292549945,resumed_v13_M3_I3
M3_I3,5,4,"9101,9106,9107,9108,9116",0.025813907757401465,0.01948685012757778,24.510266672079375,0.01958560459315777,24.12770365020729,-9.875446557998657e-05,-0.3825630218720839,resumed_v13_M3_I3
M3_I3,5,5,"9102,9108,9110,9116,9118",0.025813907757401465,0.021466676890850068,16.84065391186246,0.019711572118103503,23.639720481871933,0.0017551047727465629,6.799066570009472,resumed_v13_M3_I3
M3_I3,5,6,"9107,9110,9115,9119,9120",0.025813907757401465,0.0198383878916502,23.14845129962138,0.019139127247035502,25.857303640717255,0.0006992606446146965,2.7088523410958736,resumed_v13_M3_I3
M3_I3,5,7,"9107,9114,9115,9116,9120",0.025813907757401465,0.019286519289016722,25.286324448545315,0.019454784318804742,24.634485790991526,-0.00016826502978801728,-0.6518386575537889,resumed_v13_M3_I3
M3_I3,5,8,"9101,9102,9106,9114,9115",0.025813907757401465,0.019375041499733923,24.943399961679045,0.01964399740099907,23.901496876749835,-0.00026895590126514436,-1.04190308492921,resumed_v13_M3_I3
M3_I3,5,9,"9102,9105,9110,9117,9118",0.025813907757401465,0.020957456156611442,18.813314304950836,0.020209793746471406,21.709669313136928,0.0007476624101400376,2.8963550081860916,resumed_v13_M3_I3
M3_I3,5,10,"9106,9113,9114,9117,9119",0.025813907757401465,0.019258316978812216,25.39557683477661,0.01819152571260929,29.52819897098553,0.0010667912662029265,4.132622136208923,resumed_v13_M3_I3
M3_I3,5,11,"9101,9102,9109,9116,9119",0.025813907757401465,0.020367518812417985,21.098661218473868,0.0197364691644907,23.543272293472185,0.0006310496479272843,2.444611074998317,resumed_v13_M3_I3
M3_I3,5,12,"9105,9111,9113,9114,9117",0.025813907757401465,0.01984078623354435,23.13916040915765,0.019812441617250442,23.24896407220739,2.8344616293907165e-05,0.10980366304973899,resumed_v13_M3_I3
M3_I3,5,13,"9107,9108,9110,9114,9120",0.025813907757401465,0.019738764502108097,23.534380429291954,0.01975869871675968,23.45715765915221,-1.9934214651584626e-05,-0.07722277013974477,resumed_v13_M3_I3
M3_I3,5,14,"9104,9105,9113,9114,9120",0.025813907757401465,0.017922768369317055,30.56933286600837,0.01802544705569744,30.17156788077112,-0.00010267868638038635,-0.3977649852372487,resumed_v13_M3_I3
M3_I3,5,15,"9101,9102,9110,9115,9120",0.025813907757401465,0.020658007077872752,19.973344322695166,0.020598746836185455,20.202911431418975,5.926024168729782e-05,0.2295671087238098,resumed_v13_M3_I3
M3_I3,5,16,"9101,9105,9112,9115,9117",0.025813907757401465,0.02455599382519722,4.873008550375601,0.019352838024497034,25.029413576686732,0.005203155800700188,20.15640502631113,resumed_v13_M3_I3
M3_I3,5,17,"9108,9112,9114,9116,9118",0.025813907757401465,0.01982867643237114,23.186072334647655,0.019160139933228494,25.775903000448185,0.0006685364991426468,2.5898306658005303,resumed_v13_M3_I3
M3_I3,5,18,"9103,9105,9109,9113,9117",0.025813907757401465,0.018629922345280648,27.82990270065173,0.02046819292008877,20.708661732084913,-0.0018382705748081207,-7.121240968566816,resumed_v13_M3_I3
M3_I3,5,19,"9101,9106,9107,9111,9112",0.025813907757401465,0.022277886793017388,13.69812349844713,0.021962183341383935,14.921121018235407,0.00031570345163345337,1.2229975197882776,resumed_v13_M3_I3
M3_I3,5,20,"9102,9103,9105,9114,9120",0.025813907757401465,0.019870725274086,23.023180136728477,0.01895560547709465,26.56824509005374,0.0009151197969913483,3.5450649533252623,resumed_v13_M3_I3
M3_I3,10,1,"9104,9106,9107,9108,9109,9112,9117,9118,9119,9120",0.025813907757401465,0.018539129570126534,28.18162308335156,0.018658070638775826,27.72085956871016,-0.00011894106864929199,-0.46076351464139975,resumed_v13_M3_I3
M3_I3,10,2,"9101,9102,9103,9104,9106,9109,9111,9114,9118,9120",0.025813907757401465,0.019219109788537025,25.547460813923276,0.019656531885266303,23.852939779602703,-0.0004374220967292786,-1.694521034320573,resumed_v13_M3_I3
M3_I3,10,3,"9104,9105,9106,9107,9109,9114,9115,9116,9117,9120",0.025813907757401465,0.018761755898594856,27.319195238018885,0.018649472296237944,27.754168522235094,0.00011228360235691071,0.43497328421620907,resumed_v13_M3_I3
M3_I3,10,4,"9103,9104,9106,9108,9110,9111,9113,9115,9117,9120",0.025813907757401465,0.02056913115084171,20.31763906437587,0.021690062433481216,15.975284961409395,-0.0011209312826395035,-4.3423541029664765,resumed_v13_M3_I3
M3_I3,10,5,"9101,9105,9106,9107,9111,9113,9114,9116,9118,9119",0.025813907757401465,0.017972415313124657,30.377006526756745,0.018328169360756874,28.998857774636043,-0.0003557540476322174,-1.3781487521207012,resumed_v13_M3_I3
M3_I3,10,6,"9101,9103,9106,9107,9111,9112,9113,9115,9117,9118",0.025813907757401465,0.02075669467449188,19.59104034320243,0.019668494164943696,23.806599334793592,0.0010882005095481872,4.215558991591163,resumed_v13_M3_I3
M3_I3,10,7,"9101,9103,9107,9108,9109,9111,9113,9115,9116,9118",0.025813907757401465,0.018706265836954117,27.534157118886494,0.020872432738542557,19.142684886375132,-0.00216616690158844,-8.391472232511362,resumed_v13_M3_I3
M3_I3,10,8,"9102,9105,9106,9109,9111,9112,9114,9116,9119,9120",0.025813907757401465,0.01902906931936741,26.283654926630316,0.018369105458259583,28.840276215085176,0.0006599638611078263,2.55662128845486,resumed_v13_M3_I3
M3_I3,10,9,"9101,9103,9104,9105,9106,9108,9110,9112,9113,9114",0.025813907757401465,0.019859281554818153,23.067511740356235,0.01944151856005192,24.685875758281618,0.00041776299476623533,1.6183640179253835,resumed_v13_M3_I3
M3_I3,10,10,"9102,9104,9105,9107,9108,9109,9110,9113,9116,9120",0.025813907757401465,0.019359378889203072,25.004075046900734,0.01910584792494774,25.98622376548303,0.00025353096425533294,0.9821487185822946,resumed_v13_M3_I3
M3_I3,10,11,"9101,9102,9104,9105,9107,9108,9109,9118,9119,9120",0.025813907757401465,0.020382288470864297,21.04144532313126,0.018243914656341075,29.32525045104762,0.00213837381452322,8.28380512791636,resumed_v13_M3_I3
M3_I3,10,12,"9101,9105,9108,9110,9113,9114,9116,9117,9119,9120",0.025813907757401465,0.019458725303411483,24.619218886639892,0.01926631070673466,25.364610086163548,0.00019241459667682648,0.745391199523656,resumed_v13_M3_I3
M3_I3,10,13,"9102,9104,9105,9106,9108,9113,9114,9115,9116,9117",0.025813907757401465,0.02159508876502514,16.343201626133844,0.02087729573249817,19.12384622776786,0.0007177930325269699,2.780644601634016,resumed_v13_M3_I3
M3_I3,10,14,"9102,9103,9104,9106,9107,9108,9109,9112,9113,9118",0.025813907757401465,0.02022903151810169,21.63514448020159,0.01936389468610287,24.986581388279827,0.000865136831998825,3.351436908078238,resumed_v13_M3_I3
M3_I3,10,15,"9101,9102,9103,9108,9109,9111,9114,9116,9117,9118",0.025813907757401465,0.020868772640824318,19.15686366842021,0.018643288314342497,27.778124530575884,0.0022254843264818192,8.621260862155673,resumed_v13_M3_I3
M3_I3,10,16,"9101,9102,9108,9110,9111,9112,9113,9114,9115,9116",0.025813907757401465,0.01937120072543621,24.958278663244922,0.01980038620531559,23.29566530027463,-0.0004291854798793793,-1.6626133629702906,resumed_v13_M3_I3
M3_I3,10,17,"9102,9103,9104,9106,9107,9112,9113,9116,9117,9119",0.025813907757401465,0.01988074816763401,22.984352642486975,0.018252819031476974,29.29075596373643,0.001627929136157036,6.306403321249455,resumed_v13_M3_I3
M3_I3,10,18,"9102,9104,9107,9110,9111,9113,9115,9117,9119,9120",0.025813907757401465,0.019375746324658393,24.940669553981405,0.01923307068645954,25.493377960394398,0.00014267563819885253,0.552708406412993,resumed_v13_M3_I3
M3_I3,10,19,"9101,9102,9103,9107,9112,9115,9116,9117,9118,9120",0.025813907757401465,0.01924324631690979,25.45395878160954,0.021088868752121924,18.304237582644802,-0.0018456224352121353,-7.149721198964738,resumed_v13_M3_I3
M3_I3,10,20,"9103,9105,9106,9108,9111,9112,9113,9116,9117,9118",0.025813907757401465,0.020344538614153862,21.18768376585449,0.01954897604882717,24.269598262502463,0.0007955625653266907,3.081914496647972,resumed_v13_M3_I3
M5_I1,5,1,"9101,9105,9114,9115,9120",0.029070329666137696,0.02255151979625225,22.424272255428946,0.022109903022646905,23.943404575829696,0.0004416167736053467,1.5191323204007503,resumed_v13_M5_I1
M5_I1,5,2,"9103,9105,9109,9114,9120",0.029070329666137696,0.02084987573325634,28.277814621610133,0.022183211147785188,23.691229502549824,-0.0013333354145288467,-4.5865851190603095,resumed_v13_M5_I1
M5_I1,5,3,"9103,9107,9108,9111,9117",0.029070329666137696,0.022546756267547607,22.44065847725495,0.022270000353455544,23.39268040913706,0.0002767559140920639,0.9520219318821113,resumed_v13_M5_I1
M5_I1,5,4,"9101,9106,9107,9108,9116",0.029070329666137696,0.023681424930691718,18.537473765642204,0.025365516543388367,12.744310660724452,-0.0016840916126966477,-5.7931631049177525,resumed_v13_M5_I1
M5_I1,5,5,"9102,9108,9110,9116,9118",0.029070329666137696,0.023637641966342927,18.68808425011769,0.023264455050230025,19.971822413388693,0.0003731869161128998,1.2837381632710034,resumed_v13_M5_I1
M5_I1,5,6,"9107,9110,9115,9119,9120",0.029070329666137696,0.023086832836270332,20.582831012188983,0.02281024567782879,21.534272435860633,0.0002765871584415436,0.9514414236716497,resumed_v13_M5_I1
M5_I1,5,7,"9107,9114,9115,9116,9120",0.029070329666137696,0.022339500859379767,23.153603292632326,0.022788486629724502,21.609122113708054,-0.0004489857703447342,-1.544481178924272,resumed_v13_M5_I1
M5_I1,5,8,"9101,9102,9106,9114,9115",0.029070329666137696,0.023516241833567618,19.105692630103558,0.022438086941838263,22.81447372791558,0.0010781548917293549,3.7087810978120217,resumed_v13_M5_I1
M5_I1,5,9,"9102,9105,9110,9117,9118",0.029070329666137696,0.022933579236268996,21.11001320021849,0.026510859653353692,8.804406562218588,-0.003577280417084694,-12.305606637999901,resumed_v13_M5_I1
M5_I1,5,10,"9106,9113,9114,9117,9119",0.029070329666137696,0.02203025370836258,24.2173929178921,0.021840735897421838,24.869321578892112,0.0001895178109407425,0.6519286610000137,resumed_v13_M5_I1
M5_I1,5,11,"9101,9102,9109,9116,9119",0.029070329666137696,0.02311043404042721,20.501644440079453,0.022848308086395264,21.403340282687253,0.00026212595403194425,0.9016958426078006,resumed_v13_M5_I1
M5_I1,5,12,"9105,9111,9113,9114,9117",0.029070329666137696,0.020967476442456244,27.87327600594769,0.02430851086974144,16.3803398553922,-0.0033410344272851943,-11.49293615055549,resumed_v13_M5_I1
M5_I1,5,13,"9107,9108,9110,9114,9120",0.029070329666137696,0.023541145771741868,19.020024739645272,0.023001812025904657,20.875296943405136,0.0005393337458372116,1.8552722037598635,resumed_v13_M5_I1
M5_I1,5,14,"9104,9105,9113,9114,9120",0.029070329666137696,0.021749066188931465,25.184659277305467,0.022470368817448617,22.7034262235319,-0.0007213026285171509,-2.4812330537735683,resumed_v13_M5_I1
M5_I1,5,15,"9101,9102,9110,9115,9120",0.029070329666137696,0.024491166323423387,15.752017246809228,0.02487228363752365,14.440999042071754,-0.0003811173141002655,-1.3110182047374739,new_v13_M5_I1
M5_I1,5,16,"9101,9105,9112,9115,9117",0.029070329666137696,0.027122249454259874,6.701266322916955,0.024065601453185082,17.21593208756186,0.0030566480010747908,10.514665764644906,new_v13_M5_I1
M5_I1,5,17,"9108,9112,9114,9116,9118",0.029070329666137696,0.021445922181010248,26.227454496357737,0.021979017183184624,24.393643155733876,-0.0005330950021743775,-1.8338113406238605,new_v13_M5_I1
M5_I1,5,18,"9103,9105,9109,9113,9117",0.029070329666137696,0.02348758764564991,19.204261130174906,0.024928195402026176,14.248666291997528,-0.0014406077563762665,-4.955594838177378,new_v13_M5_I1
M5_I1,5,19,"9101,9106,9107,9111,9112",0.029070329666137696,0.02323569394648075,20.070758696807513,0.025707608833909035,11.567535940762635,-0.0024719148874282836,-8.503222756044877,new_v13_M5_I1
M5_I1,5,20,"9102,9103,9105,9114,9120",0.029070329666137696,0.02485469914972782,14.501488510191932,0.02453729547560215,15.593336032290718,0.00031740367412567137,1.0918475220987869,new_v13_M5_I1
M5_I1,10,1,"9104,9106,9107,9108,9109,9112,9117,9118,9119,9120",0.029070329666137696,0.022494542598724365,22.620270024227057,0.023450568690896033,19.331603871654025,-0.000956026092171669,-3.2886661525730325,new_v13_M5_I1
M5_I1,10,2,"9101,9102,9103,9104,9106,9109,9111,9114,9118,9120",0.029070329666137696,0.02207293324172497,24.070578162598473,0.022397680953145028,22.95346764080643,-0.0003247477114200592,-1.1171105217920427,new_v13_M5_I1
M5_I1,10,3,"9104,9105,9106,9107,9109,9114,9115,9116,9117,9120",0.029070329666137696,0.021474969014525412,26.127535321553886,0.022106985002756117,23.953442370117894,-0.0006320159882307053,-2.1740929514359912,new_v13_M5_I1
M5_I1,10,4,"9103,9104,9106,9108,9110,9111,9113,9115,9117,9120",0.029070329666137696,0.02348620630800724,19.20901283976518,0.024624911323189735,15.291943345679238,-0.001138705015182495,-3.9170694940859416,new_v13_M5_I1
M5_I1,10,5,"9101,9105,9106,9107,9111,9113,9114,9116,9118,9119",0.029070329666137696,0.024477459490299225,15.799167840839566,0.026132578775286675,10.105667615710024,-0.0016551192849874497,-5.693500225129542,new_v13_M5_I1
M5_I1,10,6,"9101,9103,9106,9107,9111,9112,9113,9115,9117,9118",0.029070329666137696,0.021279851719737054,26.798725834455563,0.021968507394194602,24.42979613064239,-0.0006886556744575501,-2.3689297038131727,new_v13_M5_I1
M5_I1,10,7,"9101,9103,9107,9108,9109,9111,9113,9115,9116,9118",0.029070329666137696,0.023826189711689948,18.039492550221528,0.02496521659195423,14.121315861667947,-0.0011390268802642823,-3.918176688553581,new_v13_M5_I1
M5_I1,10,8,"9102,9105,9106,9109,9111,9112,9114,9116,9119,9120",0.029070329666137696,0.021031268686056138,27.65383493206747,0.02262561544775963,22.16938814383358,-0.0015943467617034913,-5.484446788233889,new_v13_M5_I1
M5_I1,10,9,"9101,9103,9104,9105,9106,9108,9110,9112,9113,9114",0.029070329666137696,0.02250823974609375,22.57315274854876,0.022861471772193907,21.358058079321058,-0.0003532320261001587,-1.2150946692277032,new_v13_M5_I1
M5_I1,10,10,"9102,9104,9105,9107,9108,9109,9110,9113,9116,9120",0.029070329666137696,0.02287845090031624,21.299651008203078,0.02214221693575382,23.832246864589305,0.000736233964562416,2.5325958563862265,new_v13_M5_I1
M5_I1,10,11,"9101,9102,9104,9105,9107,9108,9109,9118,9119,9120",0.029070329666137696,0.02106841914355755,27.526039829885722,0.021358587592840195,26.527879669285113,-0.0002901684492826462,-0.9981601606006087,new_v13_M5_I1
M5_I1,10,12,"9101,9105,9108,9110,9113,9114,9116,9117,9119,9120",0.029070329666137696,0.022354381904006005,23.102413489155236,0.02260194569826126,22.25081050735752,-0.00024756379425525663,-0.8516029817977149,new_v13_M5_I1
M5_I1,10,13,"9102,9104,9105,9106,9108,9113,9114,9115,9116,9117",0.029070329666137696,0.021710873395204545,25.31603994675625,0.021496569737792015,26.053230270614733,0.00021430365741252898,0.7371903238584849,new_v13_M5_I1
M5_I1,10,14,"9102,9103,9104,9106,9107,9108,9109,9112,9113,9118",0.029070329666137696,0.02119339518249035,27.096130570623423,0.02357761673629284,18.894567048006316,-0.00238422155380249,-8.201563522617107,new_v13_M5_I1
M5_I1,10,15,"9101,9102,9103,9108,9109,9111,9114,9116,9117,9118",0.029070329666137696,0.024013127014040948,17.39644066708877,0.023983686789870264,17.49771307957529,2.9440224170684815e-05,0.10127241248652297,new_v13_M5_I1
M5_I1,10,16,"9101,9102,9108,9110,9111,9112,9113,9114,9115,9116",0.029070329666137696,0.02179352641105652,25.031719071137655,0.021454546600580215,26.19778706682042,0.0003389798104763031,1.1660679956827664,new_v13_M5_I1
M5_I1,10,17,"9102,9103,9104,9106,9107,9112,9113,9116,9117,9119",0.029070329666137696,0.021272912994027136,26.822594589263666,0.022684507071971893,21.96680487460818,-0.0014115940779447556,-4.8557897146554865,new_v13_M5_I1
M5_I1,10,18,"9102,9104,9107,9110,9111,9113,9115,9117,9119,9120",0.029070329666137696,0.023496625199913978,19.173172544775767,0.024751004576683045,14.858190942657169,-0.001254379376769066,-4.314981602118598,new_v13_M5_I1
M5_I1,10,19,"9101,9102,9103,9107,9112,9115,9116,9117,9118,9120",0.029070329666137696,0.0224465798586607,22.785258659080878,0.022744495421648026,21.76044894275231,-0.0002979155629873276,-1.0248097163285692,new_v13_M5_I1
M5_I1,10,20,"9103,9105,9106,9108,9111,9112,9113,9116,9117,9118",0.029070329666137696,0.02176809087395668,25.11921562653264,0.0233839213848114,19.5608661705342,-0.0016158305108547211,-5.558349455998439,new_v13_M5_I1
M1_I5,5,1,"9101,9105,9114,9115,9120",0.023654717206954955,0.020059242472052576,15.199821259521288,0.017922269739210607,24.233844850442324,0.0021369727328419685,9.034023590921036,new_v13_M1_I5
M1_I5,5,2,"9103,9105,9109,9114,9120",0.023654717206954955,0.016253945603966712,31.28666277528894,0.016046816483139992,32.16229835788563,0.0002071291208267212,0.8756355825966935,new_v13_M1_I5
M1_I5,5,3,"9103,9107,9108,9111,9117",0.023654717206954955,0.01764483395963907,25.406700890716458,0.01670534461736679,29.378379495253117,0.0009394893422722816,3.9716786045366597,new_v13_M1_I5
M1_I5,5,4,"9101,9106,9107,9108,9116",0.023654717206954955,0.01720481850206852,27.266860341031844,0.01576991882175207,33.332879510749756,0.0014348996803164483,6.0660191697179116,new_v13_M1_I5
M1_I5,5,5,"9102,9108,9110,9116,9118",0.023654717206954955,0.01891314722597599,20.04492355370391,0.020852842554450034,11.844887546070998,-0.0019396953284740448,-8.200036007632912,new_v13_M1_I5
M1_I5,5,6,"9107,9110,9115,9119,9120",0.023654717206954955,0.01739779729396105,26.45104508437855,0.01698122825473547,28.21208511534159,0.0004165690392255783,1.7610400309630414,new_v13_M1_I5
M1_I5,5,7,"9107,9114,9115,9116,9120",0.023654717206954955,0.01921832300722599,18.7547970280726,0.018420217372477055,22.1287779037107,0.0007981056347489357,3.3739808756381002,new_v13_M1_I5
M1_I5,5,8,"9101,9102,9106,9114,9115",0.023654717206954955,0.017957011610269545,24.086974056109927,0.016779766790568827,29.063760755359006,0.001177244819700718,4.976786699249079,new_v13_M1_I5
M1_I5,5,9,"9102,9105,9110,9117,9118",0.023654717206954955,0.018588010966777802,21.419432732374588,0.01885142531245947,20.305852115971284,-0.00026341434568166733,-1.1135806164033042,new_v13_M1_I5
M1_I5,5,10,"9106,9113,9114,9117,9119",0.023654717206954955,0.016433816216886044,30.52626216958461,0.01634054183959961,30.920578349610683,9.327437728643418e-05,0.39431618002607394,new_v13_M1_I5
M1_I5,5,11,"9101,9102,9109,9116,9119",0.023654717206954955,0.020011012256145478,15.403713850944522,0.017808250710368158,24.71585876692629,0.002202761545777321,9.312144915981767,new_v13_M1_I5
M1_I5,5,12,"9105,9111,9113,9114,9117",0.023654717206954955,0.02103840410709381,11.060428568944793,0.016049504280090332,32.15093573229672,0.004988899827003479,21.09050716335193,new_v13_M1_I5
M1_I5,5,13,"9107,9108,9110,9114,9120",0.023654717206954955,0.018514597415924074,21.72978753480758,0.017909808829426766,24.286523179567215,0.0006047885864973069,2.556735644759634,new_v13_M1_I5
M1_I5,5,14,"9104,9105,9113,9114,9120",0.023654717206954955,0.015766663290560246,33.34664222523644,0.015888681821525096,32.83081052072984,-0.00012201853096485137,-0.5158317045065957,new_v13_M1_I5
M1_I5,5,15,"9101,9102,9110,9115,9120",0.023654717206954955,0.018458545580506323,21.966745917896052,0.018272452242672443,22.753453009787073,0.0001860933378338814,0.7867070918910208,new_v13_M1_I5
M1_I5,5,16,"9101,9105,9112,9115,9117",0.023654717206954955,0.02091430760920048,11.585044850795098,0.01778948213905096,24.795202650655654,0.003124825470149517,13.210157799860555,new_v13_M1_I5
M1_I5,5,17,"9108,9112,9114,9116,9118",0.023654717206954955,0.01690881736576557,28.518201178097186,0.018561427667737006,21.531813272831776,-0.0016526103019714356,-6.98638790526541,new_v13_M1_I5
M1_I5,5,18,"9103,9105,9109,9113,9117",0.023654717206954955,0.019094476476311684,19.278356577868834,0.01790465656667948,24.308304301286867,0.0011898199096322059,5.029947723418033,new_v13_M1_I5
M1_I5,5,19,"9101,9106,9107,9111,9112",0.023654717206954955,0.020747061260044573,12.292076550614917,0.017536561004817486,25.86442335627927,0.003210500255227089,13.572346805664354,new_v13_M1_I5
M1_I5,5,20,"9102,9103,9105,9114,9120",0.023654717206954955,0.01663449127227068,29.677911062154614,0.016449884697794914,30.458332881873044,0.00018460657447576522,0.7804218197184305,new_v13_M1_I5
M1_I5,10,1,"9104,9106,9107,9108,9109,9112,9117,9118,9119,9120",0.023654717206954955,0.019361033290624618,18.15149121743848,0.01618125420063734,31.593964708740085,0.003179779089987278,13.442473491301605,new_v13_M1_I5
M1_I5,10,2,"9101,9102,9103,9104,9106,9109,9111,9114,9118,9120",0.023654717206954955,0.016581433080136775,29.902213858377873,0.01776913329958916,24.881227096789466,-0.001187700219452381,-5.020986761588407,new_v13_M1_I5
M1_I5,10,3,"9104,9105,9106,9107,9109,9114,9115,9116,9117,9120",0.023654717206954955,0.016025504656136037,32.252393820949074,0.015642922557890414,33.869754514371934,0.00038258209824562075,1.6173606934228602,new_v13_M1_I5
M1_I5,10,4,"9103,9104,9106,9108,9110,9111,9113,9115,9117,9120",0.023654717206954955,0.018341413512825967,22.46192016435002,0.017657662741839886,25.352467385878604,0.0006837507709860802,2.8905472215285855,new_v13_M1_I5
M1_I5,10,5,"9101,9105,9106,9107,9111,9113,9114,9116,9118,9119",0.023654717206954955,0.016530871763825415,30.11596114552149,0.017762668244540692,24.90855803036988,-0.0012317964807152747,-5.20740311515161,new_v13_M1_I5
M1_I5,10,6,"9101,9103,9106,9107,9111,9112,9113,9115,9117,9118",0.023654717206954955,0.019420668855309485,17.899382666898152,0.016594025865197183,29.848978028288535,0.0028266429901123045,11.949595361390383,new_v13_M1_I5
M1_I5,10,7,"9101,9103,9107,9108,9109,9111,9113,9115,9116,9118",0.023654717206954955,0.016555739752948283,30.01083205475579,0.016026801243424416,32.24691251556278,0.0005289385095238686,2.236080460806985,new_v13_M1_I5
M1_I5,10,8,"9102,9105,9106,9109,9111,9112,9114,9116,9119,9120",0.023654717206954955,0.016710137762129307,29.358116540001603,0.016607919707894325,29.79024199447513,0.00010221805423498154,0.43212545447352824,new_v13_M1_I5
M1_I5,10,9,"9101,9103,9104,9105,9106,9108,9110,9112,9113,9114",0.023654717206954955,0.01818531285971403,23.121833583505325,0.01669158209115267,29.4365603903943,0.0014937307685613632,6.314726806888974,new_v13_M1_I5
M1_I5,10,10,"9102,9104,9105,9107,9108,9109,9110,9113,9116,9120",0.023654717206954955,0.016584285907447337,29.890153569152677,0.01660318374633789,29.810263208489232,-1.8897838890552522e-05,-0.07989036066344468,new_v13_M1_I5
M1_I5,10,11,"9101,9102,9104,9105,9107,9108,9109,9118,9119,9120",0.023654717206954955,0.01670716442167759,29.37068629691607,0.016151607781648637,31.719294547728754,0.0005555566400289536,2.348608250812685,new_v13_M1_I5
M1_I5,10,12,"9101,9105,9108,9110,9113,9114,9116,9117,9119,9120",0.023654717206954955,0.017010973766446114,28.086336363198836,0.01655336730182171,30.020861560100617,0.0004576064646244049,1.934525196901781,new_v13_M1_I5
M1_I5,10,13,"9102,9104,9105,9106,9108,9113,9114,9115,9116,9117",0.023654717206954955,0.017091491632163523,27.745948164883217,0.017394955083727837,26.463060490051532,-0.000303463451564312,-1.2828876748316844,new_v13_M1_I5
M1_I5,10,14,"9102,9103,9104,9106,9107,9108,9109,9112,9113,9118",0.023654717206954955,0.019172747619450092,18.947466369148035,0.01627888288348913,31.181240760287693,0.0028938647359609605,12.233774391139658,new_v13_M1_I5
M1_I5,10,15,"9101,9102,9103,9108,9109,9111,9114,9116,9117,9118",0.023654717206954955,0.01887558288872242,20.20372628605078,0.017335511557757855,26.714357199498156,0.0015400713309645653,6.510630913447375,new_v13_M1_I5
M1_I5,10,16,"9101,9102,9108,9110,9111,9112,9113,9114,9115,9116",0.023654717206954955,0.018819121271371843,20.442417016768864,0.01673004385083914,29.27396381673853,0.0020890774205327032,8.831546799969665,new_v13_M1_I5
M1_I5,10,17,"9102,9103,9104,9106,9107,9112,9113,9116,9117,9119",0.023654717206954955,0.018279170989990233,22.72504959553778,0.016390162333846093,30.71080837513855,0.0018890086561441422,7.985758779600772,new_v13_M1_I5
M1_I5,10,18,"9102,9104,9107,9110,9111,9113,9115,9117,9119,9120",0.023654717206954955,0.016387405060231685,30.72246471239376,0.017655276134610175,25.36255673595974,-0.0012678710743784904,-5.35990797643402,new_v13_M1_I5
M1_I5,10,19,"9101,9102,9103,9107,9112,9115,9116,9117,9118,9120",0.023654717206954955,0.02074080631136894,12.318519262319764,0.015952306613326073,32.561837566015036,0.00478849969804287,20.243318303695272,new_v13_M1_I5
M1_I5,10,20,"9103,9105,9106,9108,9111,9112,9113,9116,9117,9118",0.023654717206954955,0.01996408198028803,15.602110963228114,0.018228096514940263,22.94096625437212,0.0017359854653477668,7.338855291144007,new_v13_M1_I5
