budget,repeat,seeds,zero_rollout,generic_rollout,generic_reduction,generic_recovery_pct,generic_best_epoch,generic_best_val,generic_best_val_teacher,shifted_rollout,shifted_reduction,shifted_recovery_pct,shifted_best_epoch,shifted_best_val,shifted_best_val_teacher,extra_reduction,extra_recovery_pp,generic_confirmation_std,shifted_confirmation_std,source
5,1,"9101,9105,9114,9115,9120",0.025192483514547347,0.020534798875451087,0.004657684639096261,18.48839014385656,27,0.022145509719848633,0.01511674914509058,0.020431239157915115,0.004761244356632232,18.89946401625255,16,0.022218172997236253,0.015046760998666286,0.00010355971753597259,0.4110738723959919,0.0036117723586025358,0.0032191407537309866,reused_v12_1
5,2,"9103,9105,9109,9114,9120",0.025192483514547347,0.01802363432943821,0.007168849185109138,28.4563019797929,41,0.020175329968333246,0.013486308418214321,0.01875344067811966,0.0064390428364276865,25.55938096658662,17,0.02071288265287876,0.013857670314610004,-0.0007298063486814499,-2.8969210132062813,0.002610973160273606,0.0025496794140989184,reused_v12_1
5,3,"9103,9107,9108,9111,9117",0.025192483514547347,0.021793702244758607,0.00339878126978874,13.491251340210745,18,0.023691663146018983,0.014206439629197121,0.01818908229470253,0.007003401219844819,27.799566548493402,24,0.020914007723331452,0.014240536279976368,0.0036046199500560762,14.308315208282657,0.0026866200332783955,0.002772986800407112,reused_v12_1
5,4,"9101,9106,9107,9108,9116",0.025192483514547347,0.021864450350403786,0.003328033164143561,13.21042112510184,4,0.022457601502537727,0.014096036180853843,0.019231043010950088,0.0059614405035972595,23.663568143866556,13,0.021259109303355218,0.01426268946379423,0.0026334073394536973,10.453147018764716,0.0026169459553525352,0.0035090046265409468,reused_v12_1
5,5,"9102,9108,9110,9116,9118",0.025192483514547347,0.01915218271315098,0.006040300801396368,23.97659920233116,18,0.022013290971517562,0.015792587772011757,0.019395633414387704,0.005796850100159644,23.010236751022443,18,0.022347787767648696,0.0158358683809638,-0.00024345070123672486,-0.966362451308715,0.0037094954559204517,0.004079909046370331,reused_v12_1
5,6,"9107,9110,9115,9119,9120",0.025192483514547347,0.020004381611943244,0.005188101902604103,20.593848556488066,27,0.023390550911426545,0.016027061827480794,0.0195944394916296,0.0055980440229177475,22.221088364254236,14,0.02247290275990963,0.016532931849360465,0.0004099421203136444,1.6272398077661698,0.003943647743044131,0.0038852522117521823,reused_v12_1
5,7,"9107,9114,9115,9116,9120",0.025192483514547347,0.019878718256950378,0.00531376525759697,21.092661446135498,10,0.02215658947825432,0.014063085801899433,0.019451929628849028,0.005740553885698319,22.786772421160656,10,0.02165144942700863,0.014012308046221732,0.00042678862810134887,1.6941109750251577,0.003057995439867917,0.003421548855312178,reused_v12_1
5,8,"9101,9102,9106,9114,9115",0.025192483514547347,0.018725244142115117,0.0064672393724322305,25.671305366530206,10,0.02054278887808323,0.01507409531623125,0.01890384443104267,0.0062886390835046775,24.962362602612465,13,0.020621776580810547,0.015048212930560112,-0.0001786002889275551,-0.7089427639177401,0.0031960408378735945,0.0029420411147259083,reused_v12_1
5,9,"9102,9105,9110,9117,9118",0.025192483514547347,0.02120464202016592,0.003987841494381427,15.829489347799539,21,0.023869312554597854,0.016924624517560004,0.021148063614964484,0.0040444198995828635,16.05407381629295,23,0.02359045445919037,0.017236639000475406,5.657840520143509e-05,0.22458446849340952,0.005492784636173034,0.005019772559830126,reused_v12_1
5,10,"9106,9113,9114,9117,9119",0.025192483514547347,0.019511504098773003,0.005680979415774345,22.550295259670904,14,0.021038519963622094,0.013575621321797371,0.017845535837113857,0.007346947677433491,29.16325289323306,34,0.020287787169218065,0.013322467356920243,0.0016659682616591454,6.612957633562157,0.002084804135560581,0.0032081131197498375,reused_v12_1
5,11,"9101,9102,9109,9116,9119",0.025192483514547347,0.021746152266860008,0.0034463312476873398,13.679998026781531,8,0.022312863916158675,0.013730598799884319,0.01855793260037899,0.0066345509141683585,26.335438148990953,19,0.020445771515369415,0.013420628570020198,0.003188219666481018,12.655440122209422,0.002085032846259943,0.002740503008158787,new_v12_2
5,12,"9105,9111,9113,9114,9117",0.025192483514547347,0.020267192646861075,0.004925290867686272,19.550636462031118,14,0.021287154406309128,0.013884587585926056,0.01965232379734516,0.005540159717202186,21.99132020470722,23,0.021149534732103348,0.013820677995681763,0.0006148688495159149,2.4406837426761,0.0026486908552968706,0.0022343955758179898,new_v12_2
5,13,"9107,9108,9110,9114,9120",0.025192483514547347,0.020217074453830718,0.00497540906071663,19.7495775191977,15,0.023207784071564673,0.016831450164318085,0.020465898513793945,0.004726585000753403,18.76188585386608,13,0.02383016385138035,0.01671954579651356,-0.0002488240599632263,-0.9876916653316208,0.004106786093369213,0.0035582488667559257,new_v12_2
5,14,"9104,9105,9113,9114,9120",0.025192483514547347,0.019004736468195914,0.0061877470463514335,24.561877921953712,15,0.020773586258292197,0.014169537276029587,0.017773656733334066,0.0074188267812132815,29.4485725352536,21,0.020287111401557922,0.013898537680506706,0.0012310797348618508,4.886694613299888,0.0029488944997204565,0.0027321640041012346,new_v12_2
5,15,"9101,9102,9110,9115,9120",0.025192483514547347,0.020156924799084663,0.005035558715462685,19.9883378411458,42,0.022448982298374175,0.01638253889977932,0.018894712999463083,0.006297770515084265,24.998609253619755,34,0.021708987280726434,0.016716411523520946,0.0012622117996215821,5.010271412473955,0.004070839434440401,0.0040827128107016105,new_v12_2
5,16,"9101,9105,9112,9115,9117",0.025192483514547347,0.0212932076305151,0.0038992758840322474,15.477933653427295,26,0.02251138277351856,0.01503883469849825,0.021081459894776344,0.004111023619771004,16.31845315050857,10,0.022014611586928367,0.015198862180113792,0.00021174773573875427,0.8405194970812762,0.003954755044400335,0.003398519575274322,new_v12_2
5,17,"9108,9112,9114,9116,9118",0.025192483514547347,0.020443342998623847,0.004749140515923501,18.85141857165896,17,0.022071613743901253,0.013860099576413631,0.01892485059797764,0.006267632916569708,24.878979926494647,17,0.020868853852152824,0.013880656473338604,0.0015184924006462098,6.027561354835687,0.002643549873418977,0.0024615929143224583,new_v12_2
5,18,"9103,9105,9109,9113,9117",0.025192483514547347,0.02633160389959812,-0.001139120385050773,-4.521667680731001,2,0.02611038014292717,0.01400536559522152,0.02058340609073639,0.004609077423810958,18.295446819085765,13,0.021845639497041703,0.01349082514643669,0.005748197808861733,22.817114499816768,0.0029740306980539765,0.0022517499458776574,new_v12_2
5,19,"9101,9106,9107,9111,9112",0.025192483514547347,0.019341586343944072,0.005850897170603275,23.224773243275862,26,0.02169743850827217,0.015245672315359116,0.01880842335522175,0.006384060159325598,25.341130641761207,19,0.021463649719953536,0.015316608361899853,0.0005331629887223244,2.116357398485345,0.003230845098570879,0.003614220037259489,new_v12_2
5,20,"9102,9103,9105,9114,9120",0.025192483514547347,0.018496112152934074,0.006696371361613274,26.580830578876704,16,0.02032928988337517,0.014304990321397782,0.019546893239021302,0.005645590275526045,22.409820263516345,9,0.021224765852093697,0.014396663010120391,-0.001050781086087227,-4.171010315360359,0.002732100203018573,0.0027212757080656005,new_v12_2
10,1,"9104,9106,9107,9108,9109,9112,9117,9118,9119,9120",0.025192483514547347,0.018771064281463624,0.006421419233083724,25.48942516673947,27,0.020846623554825784,0.01436410304158926,0.019564710929989813,0.005627772584557534,22.33909404488759,16,0.02259659767150879,0.014520266652107238,-0.0007936466485261917,-3.1503311218518775,0.0035939439659726756,0.003835149239922406,reused_v12_1
10,2,"9101,9102,9103,9104,9106,9109,9111,9114,9118,9120",0.025192483514547347,0.01968748979270458,0.005504993721842766,21.85173096834188,8,0.021822115778923033,0.014338385686278344,0.016895973309874534,0.008296510204672813,32.9324824203299,34,0.01972050853073597,0.01411744300276041,0.0027915164828300476,11.080751451988018,0.003816752108350793,0.0031850091603472996,reused_v12_1
10,3,"9104,9105,9106,9107,9109,9114,9115,9116,9117,9120",0.025192483514547347,0.01824812889099121,0.006944354623556137,27.565184748641926,14,0.020754796639084815,0.014071772433817386,0.018171589821577072,0.007020893692970275,27.869001835075426,14,0.02079179398715496,0.01407921276986599,7.653906941413879e-05,0.3038170864335008,0.0032311607899722073,0.0032765755225767365,reused_v12_1
10,4,"9103,9104,9106,9108,9110,9111,9113,9115,9117,9120",0.025192483514547347,0.018735717609524728,0.006456765905022619,25.62973158757521,20,0.021197797358036043,0.01488046981394291,0.019782134890556337,0.0054103486239910105,21.476043125588692,4,0.022189735248684884,0.01503346599638462,-0.0010464172810316086,-4.153688461986519,0.003302979818788767,0.0033731329549640315,reused_v12_1
10,5,"9101,9105,9106,9107,9111,9113,9114,9116,9118,9119",0.025192483514547347,0.018803917989134788,0.0063885655254125595,25.35901441286444,17,0.020857566595077516,0.013913876563310622,0.01716159749776125,0.008030886016786098,31.878103689732214,10,0.019926027953624727,0.013929694145917892,0.001642320491373539,6.519089276867774,0.0020779696089990862,0.003028729910757252,reused_v12_1
10,6,"9101,9103,9106,9107,9111,9112,9113,9115,9117,9118",0.025192483514547347,0.01884663589298725,0.006345847621560097,25.189448344367083,20,0.020310884714126586,0.01406873930245638,0.018991324305534362,0.006201159209012985,24.61511666935155,15,0.020602751523256302,0.014134310930967332,-0.0001446884125471115,-0.5743316750155323,0.0031762026821826974,0.0029254120293336497,reused_v12_1
10,7,"9101,9103,9107,9108,9109,9111,9113,9115,9116,9118",0.025192483514547347,0.020460741221904756,0.004731742292642591,18.782357403986218,16,0.021662432700395584,0.013633177056908608,0.01921911761164665,0.0059733659029006965,23.71090527637495,11,0.020970063656568526,0.013665257394313813,0.0012416236102581024,4.928547872388734,0.0029385640865495478,0.002467389937801292,reused_v12_1
10,8,"9102,9105,9106,9109,9111,9112,9114,9116,9119,9120",0.025192483514547347,0.01998521722853184,0.0052072662860155085,20.669920387200346,12,0.02155104950070381,0.01383395716547966,0.019072508439421654,0.006119975075125694,24.292861287739758,16,0.021085794270038604,0.01383955404162407,0.0009127087891101837,3.6229409005394118,0.0031309859593859207,0.0026280544257028388,reused_v12_1
10,9,"9101,9103,9104,9105,9106,9108,9110,9112,9113,9114",0.025192483514547347,0.019098448753356933,0.006094034761190414,24.18989282129103,22,0.02103613242506981,0.014528037421405316,0.01902369484305382,0.006168788671493529,24.486623829410764,22,0.02099146358668804,0.014549311250448227,7.475391030311584e-05,0.2967310081197354,0.003061571756398367,0.0031963855468466395,reused_v12_1
10,10,"9102,9104,9105,9107,9108,9109,9110,9113,9116,9120",0.025192483514547347,0.019201497733592986,0.005990985780954361,23.78084628891343,27,0.021189791709184648,0.014302006736397744,0.018681547604501247,0.0065109359100461,25.844756061014678,27,0.020976434275507928,0.014359016343951226,0.0005199501290917396,2.0639097721012476,0.0035609030034354935,0.003696151347673895,reused_v12_1
10,11,"9101,9102,9104,9105,9107,9108,9109,9118,9119,9120",0.025192483514547347,0.020725389942526817,0.00446709357202053,17.73185073016329,7,0.02220194712281227,0.014998970367014409,0.017628141678869724,0.007564341835677623,30.026185514062593,20,0.020631032809615136,0.014769105240702629,0.003097248263657093,12.294334783899302,0.003262844859552925,0.003152714866110101,new_v12_2
10,12,"9101,9105,9108,9110,9113,9114,9116,9117,9119,9120",0.025192483514547347,0.019591407850384712,0.005601075664162635,22.233122276048352,6,0.02129604108631611,0.013983511924743652,0.01774744614958763,0.007445037364959717,29.552613820946217,6,0.020002901181578638,0.013978297263383866,0.001843961700797081,7.319491544897865,0.0032814438662857907,0.002822966902052357,new_v12_2
10,13,"9102,9104,9105,9106,9108,9113,9114,9115,9116,9117",0.025192483514547347,0.0193882055580616,0.005804277956485748,23.039721165775816,10,0.02116311341524124,0.013986608013510704,0.018089812621474265,0.007102670893073083,28.193611356227187,13,0.020297564566135406,0.013874262571334839,0.0012983929365873337,5.153890190451371,0.0025609848762128437,0.0028080840646000148,new_v12_2
10,14,"9102,9103,9104,9106,9107,9108,9109,9112,9113,9118",0.025192483514547347,0.019983571022748947,0.0052089124917984,20.676454898900793,10,0.021438023447990416,0.014384310506284238,0.018840830028057098,0.00635165348649025,25.21249436492635,10,0.020622580870985986,0.014375308342278004,0.0011427409946918488,4.5360394660255565,0.003540913501234268,0.0030294414297914276,new_v12_2
10,15,"9101,9102,9103,9108,9109,9111,9114,9116,9117,9118",0.025192483514547347,0.0175338514149189,0.007658632099628446,30.40046486566513,31,0.01964443698525429,0.013278614170849324,0.01894567087292671,0.006246812641620636,24.79633513707939,9,0.02070365585386753,0.01368879470974207,-0.0014118194580078126,-5.60412972858574,0.0026757995753640207,0.0022561124023857404,new_v12_2
10,16,"9101,9102,9108,9110,9111,9112,9113,9114,9115,9116",0.025192483514547347,0.019805141910910606,0.005387341603636742,21.384718185985246,6,0.021215610951185227,0.014485565200448035,0.020585484430193902,0.004606999084353445,18.287196979579814,6,0.022161876410245897,0.01443526055663824,-0.0007803425192832947,-3.097521206405432,0.003247428002156701,0.002702457033121875,new_v12_2
10,17,"9102,9103,9104,9106,9107,9112,9113,9116,9117,9119",0.025192483514547347,0.020103170350193978,0.005089313164353369,20.20171279030333,12,0.021510137617588042,0.013500001654028893,0.018261518329381943,0.006930965185165405,27.51203620382696,12,0.020075726322829723,0.013466132245957852,0.0018416520208120347,7.31032341352363,0.002916548249332755,0.0027072622229150993,new_v12_2
10,18,"9102,9104,9107,9110,9111,9113,9115,9117,9119,9120",0.025192483514547347,0.018236319720745086,0.006956163793802261,27.612060517119875,30,0.020835332944989203,0.014563002809882163,0.020922080054879187,0.00427040345966816,16.95110153471858,8,0.02239949032664299,0.015022241696715354,-0.002685760334134102,-10.660958982401297,0.0035401798896812875,0.0033714181625701467,new_v12_2
10,19,"9101,9102,9103,9107,9112,9115,9116,9117,9118,9120",0.025192483514547347,0.02389889322221279,0.0012935902923345566,5.134826392116424,6,0.024366817623376846,0.014074689894914626,0.01952613554894924,0.005666347965598107,22.492216626145996,7,0.020995961502194405,0.014166103862226009,0.00437275767326355,17.357390234029573,0.002924699813913711,0.003245250664764285,new_v12_2
10,20,"9103,9105,9106,9108,9111,9112,9113,9116,9117,9118",0.025192483514547347,0.019127919152379037,0.006064564362168311,24.072911901148377,13,0.020562143251299857,0.013808098435401917,0.018688542768359184,0.006503940746188163,25.816989192163113,15,0.02046391777694225,0.013770223408937455,0.0004393763840198517,1.7440772910147366,0.0029951754690751946,0.002948569841013745,new_v12_2
