mass,inertia,metric,mean_effect_10minus5,std,ci95_low,ci95_high,paired_t_p,exact_signflip_p,positive_n,n
1.0,1.0,recovery_pct,2.730320358276367,2.8221006034574985,-0.7737803603459259,6.23442107689866,0.09652650208576113,0.125,4,5
1.0,1.0,reduction,0.0007370910607278347,0.0007618686163174698,-0.00020889377151488435,0.0016830758929705539,0.09652653201610528,0.125,4,5
3.0,1.0,recovery_pct,2.5053430557250977,10.227733554447532,-10.194065482053022,15.204751593503216,0.6130015047302848,0.6875,3,5
3.0,1.0,reduction,0.0007023048121482134,0.0028670669172014994,-0.0028576289593819403,0.004262238583678367,0.6130014903465264,0.6875,3,5
1.0,3.0,recovery_pct,5.946771240234375,4.746512989168546,0.0531969445772571,11.840345535891492,0.048736685737724154,0.125,4,5
1.0,3.0,reduction,0.0014789788052439689,0.0011804708257789956,1.3230679944322343e-05,0.002944726930543615,0.04873664306197066,0.125,4,5
2.0,2.0,recovery_pct,3.8031591415405273,8.195460637310031,-6.372849280503415,13.97916756358447,0.35803440462527686,0.3125,3,5
2.0,2.0,reduction,0.0010004563257098198,0.0021558919707361105,-0.0016764371183697715,0.003677349769789411,0.35803439520935776,0.3125,3,5
3.0,3.0,recovery_pct,-1.55360107421875,2.662746006033259,-4.859836926271111,1.7526347778336107,0.2620096767669413,0.25,2,5
3.0,3.0,reduction,-0.0004010451026260853,0.0006873589694095686,-0.001254513988784389,0.00045242378353221836,0.2620098232930918,0.25,2,5
3.0,5.0,recovery_pct,5.200133323669434,6.128879883741548,-2.4098761772877175,12.810142824626585,0.13065676560138756,0.125,4,5
3.0,5.0,reduction,0.0012691822834312917,0.001495858917434855,-0.0005881718807396246,0.003126536447602208,0.13065676701098897,0.125,4,5
5.0,3.0,recovery_pct,6.409491443634034,9.139418055571802,-4.938594920502924,17.757577807770993,0.19191863475457202,0.1875,4,5
5.0,3.0,reduction,0.001716726552695036,0.0024479135095398803,-0.0013227595228172597,0.004756212628207332,0.1919186130812072,0.1875,4,5
5.0,5.0,recovery_pct,3.512501907348633,4.6886695388900375,-2.30925025856577,9.334254073263036,0.16921653133727835,0.1875,4,5
5.0,5.0,reduction,0.0008848863653838634,0.0011811923373949388,-0.0005817576349135857,0.0023515303656813126,0.16921657874844606,0.1875,4,5
