mass,inertia,budget,n,zero_mean,adapted_mean,reduction_mean,recovery_mean_pct,recovery_std_pct,recovery_min_pct,recovery_max_pct,positive_n
1.0,1.0,5,5,0.026996498927474022,0.02067360542714596,0.006322892848402262,23.42115898132324,3.117385125812481,19.081863403320312,26.780765533447266,5
3.0,1.0,5,5,0.02803228050470352,0.022963983565568925,0.005068297730758786,18.080218505859374,8.350808650608611,8.103163719177246,26.405677795410156,5
1.0,3.0,5,5,0.02487028017640114,0.019107517227530478,0.005762763414531946,23.171284866333007,3.230744537786701,19.706647872924805,28.454360961914062,5
2.0,2.0,5,5,0.026305928826332092,0.02052396610379219,0.005781962908804417,21.97969493865967,6.819251966878169,13.077254295349121,28.862255096435547,5
3.0,3.0,5,5,0.025813907384872437,0.018730516359210015,0.007083391677588225,27.440214538574217,3.331664478705905,23.42969512939453,30.823060989379883,5
3.0,5.0,5,5,0.02440672740340233,0.018589186295866967,0.00581754045560956,23.83580799102783,6.386307129538177,13.80302906036377,29.8912410736084,5
5.0,3.0,5,5,0.026784127578139305,0.022117654234170912,0.004666473716497421,17.42253370285034,6.8575545336611885,6.042823314666748,24.52687644958496,5
5.0,5.0,5,5,0.025192484259605408,0.01920008771121502,0.005992395803332329,23.786443328857423,3.307137382882386,18.899463653564453,27.7995662689209,5
1.0,1.0,10,5,0.026996498927474022,0.019936514645814897,0.0070599839091300964,26.15147933959961,2.123085445327114,23.91510581970215,29.057302474975586,5
3.0,1.0,10,5,0.02803228050470352,0.02226167879998684,0.005770602542906999,20.585561561584473,3.7306705673844247,14.417262077331543,24.48427391052246,5
1.0,3.0,10,5,0.02487028017640114,0.017628538608551025,0.007241742219775915,29.118056106567384,4.7684041958646475,20.934106826782227,33.48198699951172,5
2.0,2.0,10,5,0.026305928826332092,0.019523509591817857,0.006782419234514237,25.782854080200195,2.1050270674800924,23.010055541992188,28.84195327758789,5
3.0,3.0,10,5,0.025813907384872437,0.019131561368703844,0.006682346574962139,25.88661346435547,3.3864582951342195,21.869123458862305,30.004369735717773,5
3.0,5.0,10,5,0.02440672740340233,0.0173200037330389,0.007086722739040851,29.035941314697265,1.454000007006335,26.549787521362305,30.283519744873047,5
5.0,3.0,10,5,0.026784127578139305,0.02040092758834362,0.006383200269192457,23.832025146484376,2.668767897215961,20.51568031311035,26.859163284301758,5
5.0,5.0,10,5,0.025192484259605408,0.0183152012526989,0.006877282168716192,27.298945236206055,5.280547141967855,21.476043701171875,32.9324836730957,5
